barcode,view_type,product_name,brand,categories,countries,image_url,local_image_path,license,source
6111242100992,front,Perly,Jaouda,"Snacks, Plain fermented dairy desserts with cream","France, India, Morocco, Netherlands, United States",https://images.openfoodfacts.org/images/products/611/124/210/0992/front_fr.172.400.jpg,.\off_download_2\images\6111242100992_front.jpg,CC BY-SA 4.0,Open Food Facts
3017620425035,front,Nutella,Nutella,"Cocoa and hazelnuts spreads, Confectionary based spreads, pates-a-tartiner-au-chocolat, pates-a-tartiner-aux-noisettes, pates-a-tartiner-aux-noisettes-et-au-cacao, petit-dejeuners, produits-a-tartiner, produits-a-tartiner-sucres","Algeria, Belgium, Bulgaria, France, Germany, Guadeloupe, India, Italy, Luxembourg, Martinique, Morocco, Réunion, Spain, Switzerland, Tunisia, United Kingdom, United States",https://images.openfoodfacts.org/images/products/301/762/042/5035/front_en.583.400.jpg,.\off_download_2\images\3017620425035_front.jpg,CC BY-SA 4.0,Open Food Facts
5449000000996,front,Coca-Cola,"COCA-COLA SERVICES SA/NV, Coca-Cola","Colas, pt:bebidas cafeína","Albania, Austria, Belgium, Bulgaria, Canada, Czech Republic, France, Georgia, Germany, Ghana, Iceland, India, Italy, Latvia, Lithuania, Mexico, Morocco, Poland, Romania, Senegal, Spain, Switzerland, Turkey, Ukraine, United Kingdom, United States",https://images.openfoodfacts.org/images/products/544/900/000/0996/front_en.1129.400.jpg,.\off_download_2\images\5449000000996_front.jpg,CC BY-SA 4.0,Open Food Facts
8901719134845,front,Parle-G Biscuit,Parle,Dry biscuits,India,https://images.openfoodfacts.org/images/products/890/171/913/4845/front_en.11.400.jpg,.\off_download_2\images\8901719134845_front.jpg,CC BY-SA 4.0,Open Food Facts
7613035833272,front,Perrier,"Nestlé, Nestlé Waters, Perrier","Non-alcoholic beverages, Unsweetened beverages, Carbonated mineral waters","Belgium, Benin, Burundi, Cameroon, Canada, Central African Republic, Chad, China, Comoros, Côte d'Ivoire, Democratic Republic of the Congo, Djibouti, Equatorial Guinea, France, French Guiana, French Polynesia, French Southern and Antarctic Lands, Gabon, Germany, Guadeloupe, Guinea, Haiti, India, Italy, Lebanon, Luxembourg, Madagascar, Martinique, Mauritius, Mayotte, Monaco, New Caledonia, Republic of the Congo, Réunion, Romania, Rwanda, Saint-Barthélemy, Saint Martin, Saint Pierre and Miquelon, Senegal, Seychelles, Switzerland, Syria, Togo, United Kingdom, United States, Vanuatu, Wallis and Futuna, Clipperton Island",https://images.openfoodfacts.org/images/products/761/303/583/3272/front_en.149.400.jpg,.\off_download_2\images\7613035833272_front.jpg,CC BY-SA 4.0,Open Food Facts
8901719134852,front,Parle G biscuit,Parle,Biscuits,India,https://images.openfoodfacts.org/images/products/890/171/913/4852/front_en.3.400.jpg,.\off_download_2\images\8901719134852_front.jpg,CC BY-SA 4.0,Open Food Facts
8902080000227,front,Sting Energy,Sting,Energy drink with sugar,India,https://images.openfoodfacts.org/images/products/890/208/000/0227/front_en.81.400.jpg,.\off_download_2\images\8902080000227_front.jpg,CC BY-SA 4.0,Open Food Facts
8901063139329,front,bourbon,britannia,Biscuits,India,https://images.openfoodfacts.org/images/products/890/106/313/9329/front_en.14.400.jpg,.\off_download_2\images\8901063139329_front.jpg,CC BY-SA 4.0,Open Food Facts
90162602,front,Red Bull Energy Drink,Red Bull,"Sodas, Energy drinks, Sweetened beverages, Carbonated Sodas","Albania, Australia, Bulgaria, Egypt, France, Greece, India, Ireland, Morocco, Switzerland, Tunisia, United Kingdom, United States",https://images.openfoodfacts.org/images/products/000/009/016/2602/front_en.151.400.jpg,.\off_download_2\images\90162602_front.jpg,CC BY-SA 4.0,Open Food Facts
8901063093522,front,Good Day - Cashew Cookies,Britannia,"Biscuits or cookies variety packs, Biscuit mixes, Biscuits/Cookies (Shelf Stable)",India,https://images.openfoodfacts.org/images/products/890/106/309/3522/front_en.28.400.jpg,.\off_download_2\images\8901063093522_front.jpg,CC BY-SA 4.0,Open Food Facts
8901058017687,front,maggi,Maggi,"Noodles, Maggi, Maggie",India,https://images.openfoodfacts.org/images/products/890/105/801/7687/front_en.13.400.jpg,.\off_download_2\images\8901058017687_front.jpg,CC BY-SA 4.0,Open Food Facts
8901063162914,front,Marie Gold Biscuit,Britannia,Biscuits,"India, United Kingdom",https://images.openfoodfacts.org/images/products/890/106/316/2914/front_en.3.400.jpg,.\off_download_2\images\8901063162914_front.jpg,CC BY-SA 4.0,Open Food Facts
8906010500559,front,Mung Dal,Balaji,"Snacks, Food",India,https://images.openfoodfacts.org/images/products/890/601/050/0559/front_es.15.400.jpg,.\off_download_2\images\8906010500559_front.jpg,CC BY-SA 4.0,Open Food Facts
8901764042911,front,Thums up,Thums up,"Carbonated waters, Colas, Sweetened beverages",India,https://images.openfoodfacts.org/images/products/890/176/404/2911/front_en.41.400.jpg,.\off_download_2\images\8901764042911_front.jpg,CC BY-SA 4.0,Open Food Facts
8906010500245,front,Balaji Wafers Masala Sev Murmura,Balaji Wafers,Wafers,"France, India",https://images.openfoodfacts.org/images/products/890/601/050/0245/front_en.20.400.jpg,.\off_download_2\images\8906010500245_front.jpg,CC BY-SA 4.0,Open Food Facts
8906010502232,front,Balaji wafers panjabi tadka,Balaji,"Crisps, Namkeen",India,https://images.openfoodfacts.org/images/products/890/601/050/2232/front_en.6.400.jpg,.\off_download_2\images\8906010502232_front.jpg,CC BY-SA 4.0,Open Food Facts
8906010500900,front,Wheelos Masala Flavour,Balaji Wafers,Appetizers,India,https://images.openfoodfacts.org/images/products/890/601/050/0900/front_en.20.400.jpg,.\off_download_2\images\8906010500900_front.jpg,CC BY-SA 4.0,Open Food Facts
8901764032912,front,Sprite,"Coca-Cola, sprite","Sodas, Sweetened beverages",India,https://images.openfoodfacts.org/images/products/890/176/403/2912/front_en.26.400.jpg,.\off_download_2\images\8901764032912_front.jpg,CC BY-SA 4.0,Open Food Facts
8906010500023,front,POTATO WAFERS,Balaji,"Appetizers, POTATO WAFERS",India,https://images.openfoodfacts.org/images/products/890/601/050/0023/front_en.8.400.jpg,.\off_download_2\images\8906010500023_front.jpg,CC BY-SA 4.0,Open Food Facts
5999884034469,front,HELL,Hell,"Energy drink with sugar, Sweetened beverages","Bulgaria, Croatia, Greece, India, Morocco, Romania, Spain, Tunisia",https://images.openfoodfacts.org/images/products/599/988/403/4469/front_en.61.400.jpg,.\off_download_2\images\5999884034469_front.jpg,CC BY-SA 4.0,Open Food Facts
7622202225512,front,Original Oreo,Cadbury,"Filled biscuits, Des","India, United States",https://images.openfoodfacts.org/images/products/762/220/222/5512/front_en.28.400.jpg,.\off_download_2\images\7622202225512_front.jpg,CC BY-SA 4.0,Open Food Facts
8901058000290,front,maggi,Nestlé,"Instant noodles, Instant Noodles with Seasoning",India,https://images.openfoodfacts.org/images/products/890/105/800/0290/front_en.36.400.jpg,.\off_download_2\images\8901058000290_front.jpg,CC BY-SA 4.0,Open Food Facts
8904043901015,front,Tata Salt,Tata,"Table salts, Groceries",India,https://images.openfoodfacts.org/images/products/890/404/390/1015/front_en.34.400.jpg,.\off_download_2\images\8904043901015_front.jpg,CC BY-SA 4.0,Open Food Facts
5000108478119,front,Quaker White Oats,Quaker,Rolled oats,"Côte d'Ivoire, Cyprus, France, Gabon, India, Italy, Réunion, Saudi Arabia, Senegal, Spain",https://images.openfoodfacts.org/images/products/500/010/847/8119/front_en.71.400.jpg,.\off_download_2\images\5000108478119_front.jpg,CC BY-SA 4.0,Open Food Facts
3948764032912,front,Sprite,"Coca-Cola, Sprite",Sodas,India,https://images.openfoodfacts.org/images/products/394/876/403/2912/front_en.12.400.jpg,.\off_download_2\images\3948764032912_front.jpg,CC BY-SA 4.0,Open Food Facts
8901063092853,front,Good Day cashew cookie,Britannia,Biscuits,"India, United Kingdom",https://images.openfoodfacts.org/images/products/890/106/309/2853/front_en.4.400.jpg,.\off_download_2\images\8901063092853_front.jpg,CC BY-SA 4.0,Open Food Facts
8906017290040,front,Bisleri 1ltr MADE IN INDIA,Bisleri,Waters,"France, India",https://images.openfoodfacts.org/images/products/890/601/729/0040/front_en.8.400.jpg,.\off_download_2\images\8906017290040_front.jpg,CC BY-SA 4.0,Open Food Facts
3948764042911,front,thums up,thumsup,"Colas, Sweetened beverages",India,https://images.openfoodfacts.org/images/products/394/876/404/2911/front_en.20.400.jpg,.\off_download_2\images\3948764042911_front.jpg,CC BY-SA 4.0,Open Food Facts
8901719129988,front,Happy happy - Parl,Parle,"Biscuits, Happy happy biscuit",India,https://images.openfoodfacts.org/images/products/890/171/912/9988/front_en.14.400.jpg,.\off_download_2\images\8901719129988_front.jpg,CC BY-SA 4.0,Open Food Facts
7622202334009,front,dairy milk,"Cadbury, Dairy Milk",Milk chocolates,India,https://images.openfoodfacts.org/images/products/762/220/233/4009/front_en.9.400.jpg,.\off_download_2\images\7622202334009_front.jpg,CC BY-SA 4.0,Open Food Facts
8906010500627,front,Chataka Pataka Tangy Tomato,Balaji,"Crisps, Chatapataka, Chis",India,https://images.openfoodfacts.org/images/products/890/601/050/0627/front_en.4.400.jpg,.\off_download_2\images\8906010500627_front.jpg,CC BY-SA 4.0,Open Food Facts
8901491100519,front,Kurkure,Kurkure,"Crisps, Namkeen","Canada, France, India, Nepal, Spain",https://images.openfoodfacts.org/images/products/890/149/110/0519/front_en.48.400.jpg,.\off_download_2\images\8901491100519_front.jpg,CC BY-SA 4.0,Open Food Facts
8901030921667,front,kissan,Kissan,"Ketchup, Tomato & Chill Ketchup",India,https://images.openfoodfacts.org/images/products/890/103/092/1667/front_en.39.400.jpg,.\off_download_2\images\8901030921667_front.jpg,CC BY-SA 4.0,Open Food Facts
8901764092206,front,Maaza,"Mazza, The Coca-Cola Company","Juices and nectars, juice",India,https://images.openfoodfacts.org/images/products/890/176/409/2206/front_en.86.400.jpg,.\off_download_2\images\8901764092206_front.jpg,CC BY-SA 4.0,Open Food Facts
8901030535895,front,Bru Instant Coffee,Bru,"Coffees, Instant coffees",India,https://images.openfoodfacts.org/images/products/890/103/053/5895/front_en.3.400.jpg,.\off_download_2\images\8901030535895_front.jpg,CC BY-SA 4.0,Open Food Facts
8901764082405,front,Kinley Mineral Water 1ltr,Kinley,Waters,India,https://images.openfoodfacts.org/images/products/890/176/408/2405/front_en.40.400.jpg,.\off_download_2\images\8901764082405_front.jpg,CC BY-SA 4.0,Open Food Facts
8901030897542,front,kissan fresh tomato,Kissan,Tomato Ketchup,India,https://images.openfoodfacts.org/images/products/890/103/089/7542/front_en.22.400.jpg,.\off_download_2\images\8901030897542_front.jpg,CC BY-SA 4.0,Open Food Facts
8906010500337,front,Aloo Sev,Balaji,"Snacks, Snack Mixes, indian",India,https://images.openfoodfacts.org/images/products/890/601/050/0337/front_en.4.400.jpg,.\off_download_2\images\8906010500337_front.jpg,CC BY-SA 4.0,Open Food Facts
8901063029255,front,Jimjam 57g (57),Britannia,Biscuits,India,https://images.openfoodfacts.org/images/products/890/106/302/9255/front_en.9.400.jpg,.\off_download_2\images\8901063029255_front.jpg,CC BY-SA 4.0,Open Food Facts
8901262010016,front,Amul Pasteurized Butter,Amul,Butters,"Bahrain, Hong Kong, India, Kuwait, Malaysia, New Zealand, Oman, Qatar, Singapore, Sri Lanka, United Arab Emirates, United States",https://images.openfoodfacts.org/images/products/890/126/201/0016/front_en.53.400.jpg,.\off_download_2\images\8901262010016_front.jpg,CC BY-SA 4.0,Open Food Facts
8901764042904,front,Thumsup,Coca-Cola,Sodas,India,https://images.openfoodfacts.org/images/products/890/176/404/2904/front_en.6.400.jpg,.\off_download_2\images\8901764042904_front.jpg,CC BY-SA 4.0,Open Food Facts
8901262200196,front,Amul Masti Spiced Buttermilk 200ml,Amul,"Beverages, Milks, Buttermilks","India, United States",https://images.openfoodfacts.org/images/products/890/126/220/0196/front_en.54.400.jpg,.\off_download_2\images\8901262200196_front.jpg,CC BY-SA 4.0,Open Food Facts
8906010502119,front,Chataka pataka,Balaji,"Crisps, Chataka pataka","India, United States",https://images.openfoodfacts.org/images/products/890/601/050/2119/front_en.7.400.jpg,.\off_download_2\images\8906010502119_front.jpg,CC BY-SA 4.0,Open Food Facts
5000354908248,front,Original Custard powder,Bird's,"Dessert mixes, Custards and pastry creams, Custard powder","France, Germany, India, United Kingdom",https://images.openfoodfacts.org/images/products/500/035/490/8248/front_en.33.400.jpg,.\off_download_2\images\5000354908248_front.jpg,CC BY-SA 4.0,Open Food Facts
8901764032707,front,Sprite,Coca Cola,"Artificially sweetened beverages, Sodas, Still fruit soft drink with reduced sugar and with 10-50% of fruit juice, Sweetened beverages",India,https://images.openfoodfacts.org/images/products/890/176/403/2707/front_en.20.400.jpg,.\off_download_2\images\8901764032707_front.jpg,CC BY-SA 4.0,Open Food Facts
8906010502294,front,Flaming hot nachos,,Crisps,"India, United Kingdom",https://images.openfoodfacts.org/images/products/890/601/050/2294/front_en.8.400.jpg,.\off_download_2\images\8906010502294_front.jpg,CC BY-SA 4.0,Open Food Facts
8906010500078,front,Balaji Farali Chivda,Balaji Namkeen,Snacks,India,https://images.openfoodfacts.org/images/products/890/601/050/0078/front_en.5.400.jpg,.\off_download_2\images\8906010500078_front.jpg,CC BY-SA 4.0,Open Food Facts
8901719135248,front,Krackjack,Parle,Biscuits,India,https://images.openfoodfacts.org/images/products/890/171/913/5248/front_en.25.400.jpg,.\off_download_2\images\8901719135248_front.jpg,CC BY-SA 4.0,Open Food Facts
8906010501570,front,Balaji Wafers Crunchex,Balaji,"Crisps, Salty snacks made from potato, Kurkure",India,https://images.openfoodfacts.org/images/products/890/601/050/1570/front_en.13.400.jpg,.\off_download_2\images\8906010501570_front.jpg,CC BY-SA 4.0,Open Food Facts
8996001312506,front,Malkist Cheese Flavoured Crunchy Layered Cracker Biscuits,Mayora,"Biscuits, Crackers (Appetizers), cream-biscuit",India,https://images.openfoodfacts.org/images/products/899/600/131/2506/front_en.3.400.jpg,.\off_download_2\images\8996001312506_front.jpg,CC BY-SA 4.0,Open Food Facts
8901595862962,front,Schezwan Chutney,Ching's Secret,Schezean Chutney,India,https://images.openfoodfacts.org/images/products/890/159/586/2962/front_en.51.400.jpg,.\off_download_2\images\8901595862962_front.jpg,CC BY-SA 4.0,Open Food Facts
8901058005233,front,Kitkat mini chocolate coated wafer,"KitKat, Nestle nutrition","Chocolate candies, Bars, Chocolate biscuits, Dark chocolate bar",India,https://images.openfoodfacts.org/images/products/890/105/800/5233/front_en.26.400.jpg,.\off_download_2\images\8901058005233_front.jpg,CC BY-SA 4.0,Open Food Facts
8901063023901,front,Marie Gold,Britannia,"Biscuits, Snack biscuit with fruits filling",India,https://images.openfoodfacts.org/images/products/890/106/302/3901/front_en.6.400.jpg,.\off_download_2\images\8901063023901_front.jpg,CC BY-SA 4.0,Open Food Facts
8901030921797,front,kissan fresh tomato,"Kissan, Unilever",Tomato Ketchup,India,https://images.openfoodfacts.org/images/products/890/103/092/1797/front_en.14.400.jpg,.\off_download_2\images\8901030921797_front.jpg,CC BY-SA 4.0,Open Food Facts
8902080104581,front,Pepsi,Pepsi Cola,"Carbonated waters, Carbonated soft drinks without fruit juice, Cola with sugar, Diet cola soft drink, Sweetened beverages",India,https://images.openfoodfacts.org/images/products/890/208/010/4581/front_en.3.400.jpg,.\off_download_2\images\8902080104581_front.jpg,CC BY-SA 4.0,Open Food Facts
3948764061257,front,Diet coke,Coca-Cola,Diet cola soft drink,India,https://images.openfoodfacts.org/images/products/394/876/406/1257/front_en.4.400.jpg,.\off_download_2\images\3948764061257_front.jpg,CC BY-SA 4.0,Open Food Facts
8901719135118,front,MONACO,Parle,"Appetizers, Biscuits, Monaco-biscuit",India,https://images.openfoodfacts.org/images/products/890/171/913/5118/front_en.24.400.jpg,.\off_download_2\images\8901719135118_front.jpg,CC BY-SA 4.0,Open Food Facts
8901063162532,front,Marie gold,Britannia,Biscuits,India,https://images.openfoodfacts.org/images/products/890/106/316/2532/front_en.5.400.jpg,.\off_download_2\images\8901063162532_front.jpg,CC BY-SA 4.0,Open Food Facts
8901764032905,front,Sprite,"Coca cola, Sprite","Artificially sweetened beverages, Sodas",India,https://images.openfoodfacts.org/images/products/890/176/403/2905/front_en.28.400.jpg,.\off_download_2\images\8901764032905_front.jpg,CC BY-SA 4.0,Open Food Facts
89080153,front,Maggi masala magic,"Maggi, Maggie",Spices,India,https://images.openfoodfacts.org/images/products/000/008/908/0153/front_en.8.400.jpg,.\off_download_2\images\89080153_front.jpg,CC BY-SA 4.0,Open Food Facts
8901491361026,front,Kurkure Masala Munch,"Kurkure, PepsiCo","Crisps, Crackers (Appetizers), Puffed salty snacks, Masala-munch-with-gingelly-oil",India,https://images.openfoodfacts.org/images/products/890/149/136/1026/front_en.51.400.jpg,.\off_download_2\images\8901491361026_front.jpg,CC BY-SA 4.0,Open Food Facts
8904272600291,front,Storia 100% Tender Coconut Water 1L,Storia Foods & Beverages,Coconut waters,India,https://images.openfoodfacts.org/images/products/890/427/260/0291/front_en.32.400.jpg,.\off_download_2\images\8904272600291_front.jpg,CC BY-SA 4.0,Open Food Facts
8901262260121,front,Amul Taaza Milky Milk,"Amul, Amul taaza",Whole pasteurised milks,India,https://images.openfoodfacts.org/images/products/890/126/226/0121/front_en.52.400.jpg,.\off_download_2\images\8901262260121_front.jpg,CC BY-SA 4.0,Open Food Facts
8901764092305,front,Maaza Origina,HINDUSTAN COCA-COLA BEVERAGES PVT LTD.,Sweetened beverages,India,https://images.openfoodfacts.org/images/products/890/176/409/2305/front_en.4.400.jpg,.\off_download_2\images\8901764092305_front.jpg,CC BY-SA 4.0,Open Food Facts
8901725016258,front,Dark fantasy bourbon,,Biscuits,India,https://images.openfoodfacts.org/images/products/890/172/501/6258/front_en.13.400.jpg,.\off_download_2\images\8901725016258_front.jpg,CC BY-SA 4.0,Open Food Facts
8906010500863,front,Shing Bhujiya - Nimbu Chatka,Balaji Wafers,"Appetizers, Bhujia, Shing-bhujiq","India, United States",https://images.openfoodfacts.org/images/products/890/601/050/0863/front_en.3.400.jpg,.\off_download_2\images\8906010500863_front.jpg,CC BY-SA 4.0,Open Food Facts
8901764061257,front,Diet Coke Can 250ml,Coke,Diet cola soft drink,India,https://images.openfoodfacts.org/images/products/890/176/406/1257/front_en.15.400.jpg,.\off_download_2\images\8901764061257_front.jpg,CC BY-SA 4.0,Open Food Facts
8906010500481,front,Crunchm,Balaji,"Appetizers, Chips and fries",India,https://images.openfoodfacts.org/images/products/890/601/050/0481/front_en.3.400.jpg,.\off_download_2\images\8906010500481_front.jpg,CC BY-SA 4.0,Open Food Facts
1234567890128,front,Chocolat en poudre,Munch,"Beverages, Breakfasts, Instant chocolate powders","France, Germany, India, Morocco, Spain, United States",https://images.openfoodfacts.org/images/products/123/456/789/0128/front_en.119.400.jpg,.\off_download_2\images\1234567890128_front.jpg,CC BY-SA 4.0,Open Food Facts
8901764042706,front,Thumsup,Cola,"Colas, Sweetened beverages",India,https://images.openfoodfacts.org/images/products/890/176/404/2706/front_en.26.400.jpg,.\off_download_2\images\8901764042706_front.jpg,CC BY-SA 4.0,Open Food Facts
8901764362804,front,Pulpy Orange,Minute Maid,Orange juices,India,https://images.openfoodfacts.org/images/products/890/176/436/2804/front_en.40.400.jpg,.\off_download_2\images\8901764362804_front.jpg,CC BY-SA 4.0,Open Food Facts
8850389100684,front,Mogu lychee,Sappe Public Company Limited,"Fruit juices from concentrate, Lychees, Still fruit soft drink with sugar and with 10-50% of fruit juice, Sweetened beverages","Australia, France, India, Mexico, Morocco, New Zealand, Philippines, United States",https://images.openfoodfacts.org/images/products/885/038/910/0684/front_en.123.400.jpg,.\off_download_2\images\8850389100684_front.jpg,CC BY-SA 4.0,Open Food Facts
8904004402636,front,,Haldiram's,"Chips, Fast-food","India, United States",https://images.openfoodfacts.org/images/products/890/400/440/2636/front_en.8.400.jpg,.\off_download_2\images\8904004402636_front.jpg,CC BY-SA 4.0,Open Food Facts
8901719123870,front,Parle-G 250g,Parle,Biscuits,India,https://images.openfoodfacts.org/images/products/890/171/912/3870/front_en.27.400.jpg,.\off_download_2\images\8901719123870_front.jpg,CC BY-SA 4.0,Open Food Facts
3948764032707,front,Sprite,Coca-Cola Company,"Sodas, Carbonated waters, Sweetened beverages",India,https://images.openfoodfacts.org/images/products/394/876/403/2707/front_en.11.400.jpg,.\off_download_2\images\3948764032707_front.jpg,CC BY-SA 4.0,Open Food Facts
8906010500214,front,Balaji Wafers Sev Murmura,Balaji Wafers,"Snacks, Puffed rice","Belgium, India",https://images.openfoodfacts.org/images/products/890/601/050/0214/front_en.8.400.jpg,.\off_download_2\images\8906010500214_front.jpg,CC BY-SA 4.0,Open Food Facts
8906032018513,front,Doodh Biscuits,Patanjali,Biscuits,India,https://images.openfoodfacts.org/images/products/890/603/201/8513/front_en.3.400.jpg,.\off_download_2\images\8906032018513_front.jpg,CC BY-SA 4.0,Open Food Facts
8906010500016,front,Simply Salted,Balaji Wafers,Crisps,India,https://images.openfoodfacts.org/images/products/890/601/050/0016/front_en.24.400.jpg,.\off_download_2\images\8906010500016_front.jpg,CC BY-SA 4.0,Open Food Facts
8901491001168,front,Masala munch,,Appetizers,India,https://images.openfoodfacts.org/images/products/890/149/100/1168/front_fr.3.400.jpg,.\off_download_2\images\8901491001168_front.jpg,CC BY-SA 4.0,Open Food Facts
8901725118938,front,Bingo Tedhe Medhe,Bingo,"Crisps, Plain salty snacks",India,https://images.openfoodfacts.org/images/products/890/172/511/8938/front_en.29.400.jpg,.\off_download_2\images\8901725118938_front.jpg,CC BY-SA 4.0,Open Food Facts
8901764042300,front,Thums Up,Coca-Cola,"Colas, Sweetened beverages",India,https://images.openfoodfacts.org/images/products/890/176/404/2300/front_en.6.400.jpg,.\off_download_2\images\8901764042300_front.jpg,CC BY-SA 4.0,Open Food Facts
8901764032301,front,Sprite,Sprite,"Sodas, Sweetened beverages",India,https://images.openfoodfacts.org/images/products/890/176/403/2301/front_en.4.400.jpg,.\off_download_2\images\8901764032301_front.jpg,CC BY-SA 4.0,Open Food Facts
0716270001660,front,Ginger Crystallized In Dark Chocolate,Chocolove,"Candied fruits, Ginger, Crystallized ginger, Groceries","India, United States, world",https://images.openfoodfacts.org/images/products/071/627/000/1660/front_en.41.400.jpg,.\off_download_2\images\0716270001660_front.jpg,CC BY-SA 4.0,Open Food Facts
8901719105913,front,parle hide & seek 120g,PARLE,Chocolate biscuits,India,https://images.openfoodfacts.org/images/products/890/171/910/5913/front_en.22.400.jpg,.\off_download_2\images\8901719105913_front.jpg,CC BY-SA 4.0,Open Food Facts
8901719121630,front,20-20,Parle,"Confectioneries, Biscuits",India,https://images.openfoodfacts.org/images/products/890/171/912/1630/front_en.7.400.jpg,.\off_download_2\images\8901719121630_front.jpg,CC BY-SA 4.0,Open Food Facts
8901030831690,front,kissan mixed fruit jam,kissan,Tropical fruit jams,India,https://images.openfoodfacts.org/images/products/890/103/083/1690/front_en.32.400.jpg,.\off_download_2\images\8901030831690_front.jpg,CC BY-SA 4.0,Open Food Facts
8901719130014,front,Happy happy biscuit - Parle - Parle,Parle,"Biscuits, Happy happy",India,https://images.openfoodfacts.org/images/products/890/171/913/0014/front_en.3.400.jpg,.\off_download_2\images\8901719130014_front.jpg,CC BY-SA 4.0,Open Food Facts
8901491101844,front,Lay's Potato Chips,Lay's,Flavoured potato crisps,"Canada, India, United States",https://images.openfoodfacts.org/images/products/890/149/110/1844/front_en.32.400.jpg,.\off_download_2\images\8901491101844_front.jpg,CC BY-SA 4.0,Open Food Facts
8904004400731,front,Aloo bhujia,Haldiram's,"Snacks, Namkeen",India,https://images.openfoodfacts.org/images/products/890/400/440/0731/front_en.4.400.jpg,.\off_download_2\images\8904004400731_front.jpg,CC BY-SA 4.0,Open Food Facts
3948764042904,front,Thumbs Up,,"Sodas, Thumms up",India,https://images.openfoodfacts.org/images/products/394/876/404/2904/front_en.3.400.jpg,.\off_download_2\images\3948764042904_front.jpg,CC BY-SA 4.0,Open Food Facts
8904004400236,front,Haldiram's Soya sticks,Haldirams,"Snacks, Soya snack",India,https://images.openfoodfacts.org/images/products/890/400/440/0236/front_en.14.400.jpg,.\off_download_2\images\8904004400236_front.jpg,CC BY-SA 4.0,Open Food Facts
8906032018520,front,Patanjali,,Biscuit (cookie) snack w chocolate filling,"India, United Kingdom",https://images.openfoodfacts.org/images/products/890/603/201/8520/front_en.3.400.jpg,.\off_download_2\images\8906032018520_front.jpg,CC BY-SA 4.0,Open Food Facts
8904004403718,front,Moong Dal,Haldiram's,"Crisps, Mung beans, Vegan, Vegetarian",India,https://images.openfoodfacts.org/images/products/890/400/440/3718/front_en.4.400.jpg,.\off_download_2\images\8904004403718_front.jpg,CC BY-SA 4.0,Open Food Facts
8901499008169,front,Chocos,Kellogg's,Breakfast cereals filled with chocolate,India,https://images.openfoodfacts.org/images/products/890/149/900/8169/front_en.16.400.jpg,.\off_download_2\images\8901499008169_front.jpg,CC BY-SA 4.0,Open Food Facts
7622202225550,front,Oreo choco,Cadbuary,Filled biscuits,India,https://images.openfoodfacts.org/images/products/762/220/222/5550/front_en.3.400.jpg,.\off_download_2\images\7622202225550_front.jpg,CC BY-SA 4.0,Open Food Facts
8906010500818,front,Potato chips,Balaji,Crisps,India,https://images.openfoodfacts.org/images/products/890/601/050/0818/front_en.3.400.jpg,.\off_download_2\images\8906010500818_front.jpg,CC BY-SA 4.0,Open Food Facts
0074305001161,front,APPLE CIDER VINEGAR,BRAGG,"Sauces, Cider vinegars, Groceries","France, India, United States, world",https://images.openfoodfacts.org/images/products/007/430/500/1161/front_en.73.400.jpg,.\off_download_2\images\0074305001161_front.jpg,CC BY-SA 4.0,Open Food Facts
3948764032301,front,,,"Artificially sweetened beverages, Sodas, A",India,https://images.openfoodfacts.org/images/products/394/876/403/2301/front_en.4.400.jpg,.\off_download_2\images\3948764032301_front.jpg,CC BY-SA 4.0,Open Food Facts
6291100213146,front,UAE by,,Dates,India,https://images.openfoodfacts.org/images/products/629/110/021/3146/front_en.34.400.jpg,.\off_download_2\images\6291100213146_front.jpg,CC BY-SA 4.0,Open Food Facts
8904004403732,front,Haldiram moong dal,Haldiram,"Pulses, Fried foods",India,https://images.openfoodfacts.org/images/products/890/400/440/3732/front_en.8.400.jpg,.\off_download_2\images\8904004403732_front.jpg,CC BY-SA 4.0,Open Food Facts
09141209,front,Bourn Vita 500Gram Pauch,Cadbury,Instant chocolate powders,"Bulgaria, India, Morocco, Romania, United Kingdom, United States",https://images.openfoodfacts.org/images/products/000/000/914/1209/front_en.18.400.jpg,.\off_download_2\images\09141209_front.jpg,CC BY-SA 4.0,Open Food Facts
8901262010320,front,Amul Butter,AMUL,Butters,India,https://images.openfoodfacts.org/images/products/890/126/201/0320/front_en.3.400.jpg,.\off_download_2\images\8901262010320_front.jpg,CC BY-SA 4.0,Open Food Facts
8901491101837,front,Lays Classics Salted 20rs,Lay's,Potato crisps,India,https://images.openfoodfacts.org/images/products/890/149/110/1837/front_en.26.400.jpg,.\off_download_2\images\8901491101837_front.jpg,CC BY-SA 4.0,Open Food Facts
8901058000306,front,Maggi noodles masala,Nestlé,Instant noodles,India,https://images.openfoodfacts.org/images/products/890/105/800/0306/front_en.10.400.jpg,.\off_download_2\images\8901058000306_front.jpg,CC BY-SA 4.0,Open Food Facts
8906010501228,front,Scoopitos Masala Flavour,Balaji Wafers,Crisps,India,https://images.openfoodfacts.org/images/products/890/601/050/1228/front_en.5.400.jpg,.\off_download_2\images\8906010501228_front.jpg,CC BY-SA 4.0,Open Food Facts
8901030902932,front,Fresh Tomato Ketchup,Kissan,Tomato Ketchup,India,https://images.openfoodfacts.org/images/products/890/103/090/2932/front_en.5.400.jpg,.\off_download_2\images\8901030902932_front.jpg,CC BY-SA 4.0,Open Food Facts
8901719135217,front,Krackjack,Parle,Biscuits,"India, United Kingdom",https://images.openfoodfacts.org/images/products/890/171/913/5217/front_en.4.400.jpg,.\off_download_2\images\8901719135217_front.jpg,CC BY-SA 4.0,Open Food Facts
8901063093287,front,Good Day Cashew Cookies,Britannia,Biscuits,India,https://images.openfoodfacts.org/images/products/890/106/309/3287/front_en.18.400.jpg,.\off_download_2\images\8901063093287_front.jpg,CC BY-SA 4.0,Open Food Facts
8901491103794,front,Oats,"Pepsico, Quaker",Rolled oats,India,https://images.openfoodfacts.org/images/products/890/149/110/3794/front_en.41.400.jpg,.\off_download_2\images\8901491103794_front.jpg,CC BY-SA 4.0,Open Food Facts
8901499010513,front,"Muesli Fruit, Nut & Seeds",Kellogg's,Mueslis with fruits,India,https://images.openfoodfacts.org/images/products/890/149/901/0513/front_en.12.400.jpg,.\off_download_2\images\8901499010513_front.jpg,CC BY-SA 4.0,Open Food Facts
8904004402261,front,PHALHARI CHIWDA,Haldiram,Appetizers,India,https://images.openfoodfacts.org/images/products/890/400/440/2261/front_en.3.400.jpg,.\off_download_2\images\8904004402261_front.jpg,CC BY-SA 4.0,Open Food Facts
8901030922787,front,Mixed Fruit Jam,Kissan,Mixed fruit jams,India,https://images.openfoodfacts.org/images/products/890/103/092/2787/front_en.3.400.jpg,.\off_download_2\images\8901030922787_front.jpg,CC BY-SA 4.0,Open Food Facts
8904327600924,front,Myfitness Peanut Butter,Myfitness,"Nut butters, Peanut butters",India,https://images.openfoodfacts.org/images/products/890/432/760/0924/front_fr.3.400.jpg,.\off_download_2\images\8904327600924_front.jpg,CC BY-SA 4.0,Open Food Facts
3948764032905,front,,,,"India, United States",https://images.openfoodfacts.org/images/products/394/876/403/2905/front_en.7.400.jpg,.\off_download_2\images\3948764032905_front.jpg,CC BY-SA 4.0,Open Food Facts
8903754000062,front,Tata water 1ltr,Tata,Drinking water,India,https://images.openfoodfacts.org/images/products/890/375/400/0062/front_en.3.400.jpg,.\off_download_2\images\8903754000062_front.jpg,CC BY-SA 4.0,Open Food Facts
8901491366229,front,Kurkure Solid Masti Masala Twisteez Crisps,Kurkure,Namkeen,"India, Spain",https://images.openfoodfacts.org/images/products/890/149/136/6229/front_en.15.400.jpg,.\off_download_2\images\8901491366229_front.jpg,CC BY-SA 4.0,Open Food Facts
8909106018327,front,Boost,"Boost, Unilever",Beverage preparations,India,https://images.openfoodfacts.org/images/products/890/910/601/8327/front_en.23.400.jpg,.\off_download_2\images\8909106018327_front.jpg,CC BY-SA 4.0,Open Food Facts
0846203004878,front,Bakarwadi,Chitale,"Food, Food Bakarwadi","Germany, India",https://images.openfoodfacts.org/images/products/084/620/300/4878/front_en.9.400.jpg,.\off_download_2\images\0846203004878_front.jpg,CC BY-SA 4.0,Open Food Facts
8901063092839,front,Good day 5rs,,"Biscuits, Biskir",India,https://images.openfoodfacts.org/images/products/890/106/309/2839/front_en.28.400.jpg,.\off_download_2\images\8901063092839_front.jpg,CC BY-SA 4.0,Open Food Facts
8901063014411,front,Vita Marie Gold,Britannia,Biscuits,India,https://images.openfoodfacts.org/images/products/890/106/301/4411/front_en.9.400.jpg,.\off_download_2\images\8901063014411_front.jpg,CC BY-SA 4.0,Open Food Facts
8901491503051,front,West Indies' Hot 'n' Sweet Chilli flavor,Lay's,Potato crisps,India,https://images.openfoodfacts.org/images/products/890/149/150/3051/front_en.27.400.jpg,.\off_download_2\images\8901491503051_front.jpg,CC BY-SA 4.0,Open Food Facts
89002940,front,Coconut oil,Parachute,"Coconut oils, Oil",India,https://images.openfoodfacts.org/images/products/000/008/900/2940/front_en.7.400.jpg,.\off_download_2\images\89002940_front.jpg,CC BY-SA 4.0,Open Food Facts
8901207025365,front,Honey,Dabur,Honeys,"France, India",https://images.openfoodfacts.org/images/products/890/120/702/5365/front_en.14.400.jpg,.\off_download_2\images\8901207025365_front.jpg,CC BY-SA 4.0,Open Food Facts
8902080504060,front,Packaged Drinking Water,"Aquafina is sold by PepsiCo, PepsiCo",Waters,"France, India",https://images.openfoodfacts.org/images/products/890/208/050/4060/front_en.28.400.jpg,.\off_download_2\images\8902080504060_front.jpg,CC BY-SA 4.0,Open Food Facts
8902579001360,front,Frooti 125ml,Frooti,"Fruit juice concentrates, Frooti-mango-drink",India,https://images.openfoodfacts.org/images/products/890/257/900/1360/front_en.64.400.jpg,.\off_download_2\images\8902579001360_front.jpg,CC BY-SA 4.0,Open Food Facts
8902579002039,front,appy fizz,parle agro appy fizz,Carbonated fruit soft drink,India,https://images.openfoodfacts.org/images/products/890/257/900/2039/front_en.3.400.jpg,.\off_download_2\images\8902579002039_front.jpg,CC BY-SA 4.0,Open Food Facts
4897036693469,front,,,Energy drinks,India,https://images.openfoodfacts.org/images/products/489/703/669/3469/front_en.18.400.jpg,.\off_download_2\images\4897036693469_front.jpg,CC BY-SA 4.0,Open Food Facts
8901491101813,front,Lays american cream onion,"Lay's, PepsiCo",Flavoured potato crisps,India,https://images.openfoodfacts.org/images/products/890/149/110/1813/front_en.40.400.jpg,.\off_download_2\images\8901491101813_front.jpg,CC BY-SA 4.0,Open Food Facts
9300633929169,front,Chunk Light Tuna,Woolworths,Tuna chunks,"Canada, India",https://images.openfoodfacts.org/images/products/930/063/392/9169/front_en.27.400.jpg,.\off_download_2\images\9300633929169_front.jpg,CC BY-SA 4.0,Open Food Facts
8901764012914,front,Coca-Cola,The Coca-Cola Company,"Colas, Carbonated soft drinks without fruit juice with sugar, Sweetened beverages",India,https://images.openfoodfacts.org/images/products/890/176/401/2914/front_en.29.400.jpg,.\off_download_2\images\8901764012914_front.jpg,CC BY-SA 4.0,Open Food Facts
8901058903164,front,KitKat win gold,Nestlé,"Candy chocolate bars filled with wafer, Sweet snacks candies",India,https://images.openfoodfacts.org/images/products/890/105/890/3164/front_en.29.400.jpg,.\off_download_2\images\8901058903164_front.jpg,CC BY-SA 4.0,Open Food Facts
8901725005856,front,,,62.8,India,https://images.openfoodfacts.org/images/products/890/172/500/5856/front_en.5.400.jpg,.\off_download_2\images\8901725005856_front.jpg,CC BY-SA 4.0,Open Food Facts
8901725015275,front,Dark Fantasy Choco fills,"Sunfeast, Sunfeast is sold by ITC Limited",Biscuits,India,https://images.openfoodfacts.org/images/products/890/172/501/5275/front_en.51.400.jpg,.\off_download_2\images\8901725015275_front.jpg,CC BY-SA 4.0,Open Food Facts
8901725118921,front,tedha medha,bingo,Crisps,India,https://images.openfoodfacts.org/images/products/890/172/511/8921/front_en.7.400.jpg,.\off_download_2\images\8901725118921_front.jpg,CC BY-SA 4.0,Open Food Facts
8904004402612,front,,Haldiram's,,India,https://images.openfoodfacts.org/images/products/890/400/440/2612/front_en.4.400.jpg,.\off_download_2\images\8904004402612_front.jpg,CC BY-SA 4.0,Open Food Facts
8902579203016,front,Packaged Drinking Water,"Bailey, Parle Agro",Mineral waters,India,https://images.openfoodfacts.org/images/products/890/257/920/3016/front_en.18.400.jpg,.\off_download_2\images\8902579203016_front.jpg,CC BY-SA 4.0,Open Food Facts
8906010500870,front,BALAJI CREAM ONION,balaji,"Potato crisps, Wafers","India, Indonesia",https://images.openfoodfacts.org/images/products/890/601/050/0870/front_en.18.400.jpg,.\off_download_2\images\8906010500870_front.jpg,CC BY-SA 4.0,Open Food Facts
3948764082405,front,Kinley 1ltr,,Waters,India,https://images.openfoodfacts.org/images/products/394/876/408/2405/front_en.3.400.jpg,.\off_download_2\images\3948764082405_front.jpg,CC BY-SA 4.0,Open Food Facts
3948764092206,front,Maaza,The Coca-Cola Company,Sweetened beverages,India,https://images.openfoodfacts.org/images/products/394/876/409/2206/front_en.9.400.jpg,.\off_download_2\images\3948764092206_front.jpg,CC BY-SA 4.0,Open Food Facts
7622202324321,front,,Dairy Milk,,"India, United Kingdom",https://images.openfoodfacts.org/images/products/762/220/232/4321/front_en.3.400.jpg,.\off_download_2\images\7622202324321_front.jpg,CC BY-SA 4.0,Open Food Facts
8901491503037,front,American Style Cream & Onion 10rs,"Lay's, PepsiCo",Flavoured potato crisps,India,https://images.openfoodfacts.org/images/products/890/149/150/3037/front_en.24.400.jpg,.\off_download_2\images\8901491503037_front.jpg,CC BY-SA 4.0,Open Food Facts
8901764012273,front,Coca Cola Coke Brand 750ml,Coca-Cola,"Colas, Sweetened beverages",India,https://images.openfoodfacts.org/images/products/890/176/401/2273/front_en.23.400.jpg,.\off_download_2\images\8901764012273_front.jpg,CC BY-SA 4.0,Open Food Facts
8901719135088,front,Monaco,Parle,Appetizers,India,https://images.openfoodfacts.org/images/products/890/171/913/5088/front_en.8.400.jpg,.\off_download_2\images\8901719135088_front.jpg,CC BY-SA 4.0,Open Food Facts
8410076601445,front,Nature valley crunchy,Nature Valley,"Cereal bars, barres-de-céréales, snacks-sucrés","France, Germany, India, Italy, United Kingdom, United States",https://images.openfoodfacts.org/images/products/841/007/660/1445/front_fr.49.400.jpg,.\off_download_2\images\8410076601445_front.jpg,CC BY-SA 4.0,Open Food Facts
8901088068734,front,Saffola Masala Oats - Classic Masala,Saffola,"Rolled oats, Oat",India,https://images.openfoodfacts.org/images/products/890/108/806/8734/front_en.19.400.jpg,.\off_download_2\images\8901088068734_front.jpg,CC BY-SA 4.0,Open Food Facts
8906010502973,front,Papdi gathiya,,Pulses,India,https://images.openfoodfacts.org/images/products/890/601/050/2973/front_fr.3.400.jpg,.\off_download_2\images\8906010502973_front.jpg,CC BY-SA 4.0,Open Food Facts
8901123001214,front,Lotte Choco Pie,Lotte,"Confectioneries, Biscuits, Treat",India,https://images.openfoodfacts.org/images/products/890/112/300/1214/front_en.22.400.jpg,.\off_download_2\images\8901123001214_front.jpg,CC BY-SA 4.0,Open Food Facts
8901063019188,front,Little Hearts,Brotannica,Biscuits,India,https://images.openfoodfacts.org/images/products/890/106/301/9188/front_en.9.400.jpg,.\off_download_2\images\8901063019188_front.jpg,CC BY-SA 4.0,Open Food Facts
8906010500047,front,masala masti,Balaji,Potato crisps,India,https://images.openfoodfacts.org/images/products/890/601/050/0047/front_en.3.400.jpg,.\off_download_2\images\8906010500047_front.jpg,CC BY-SA 4.0,Open Food Facts
8906017290033,front,Bisleri,BISLERI,Natural mineral waters,India,https://images.openfoodfacts.org/images/products/890/601/729/0033/front_en.34.400.jpg,.\off_download_2\images\8906017290033_front.jpg,CC BY-SA 4.0,Open Food Facts
3948764012914,front,Cocacola zero,Cocacola,"Diet cola soft drink, Sweetened beverages",India,https://images.openfoodfacts.org/images/products/394/876/401/2914/front_en.21.400.jpg,.\off_download_2\images\3948764012914_front.jpg,CC BY-SA 4.0,Open Food Facts
8901764175091,front,Fruit drink,Maaza,Confectioneries,India,https://images.openfoodfacts.org/images/products/890/176/417/5091/front_en.3.400.jpg,.\off_download_2\images\8901764175091_front.jpg,CC BY-SA 4.0,Open Food Facts
8906017290064,front,Packaged Drinking Water,Bisleri,"Natural mineral waters, Packaged water",India,https://images.openfoodfacts.org/images/products/890/601/729/0064/front_en.3.400.jpg,.\off_download_2\images\8906017290064_front.jpg,CC BY-SA 4.0,Open Food Facts
4897036691427,front,Monster Energy Drink 350ml,"Monster, Monster Energy","Energy drinks, Sweetened beverages",India,https://images.openfoodfacts.org/images/products/489/703/669/1427/front_en.32.400.jpg,.\off_download_2\images\4897036691427_front.jpg,CC BY-SA 4.0,Open Food Facts
8901764042270,front,Thumbs Up 750ml,Coca Cola Company,"Sodas, Sweetened beverages","India, United States",https://images.openfoodfacts.org/images/products/890/176/404/2270/front_en.46.400.jpg,.\off_download_2\images\8901764042270_front.jpg,CC BY-SA 4.0,Open Food Facts
8901063014299,front,Britannia Vita Marie Gold Biscuits,Britannia Industries Ltd.,"Biscuits, Breakfast cereals",India,https://images.openfoodfacts.org/images/products/890/106/301/4299/front_en.35.400.jpg,.\off_download_2\images\8901063014299_front.jpg,CC BY-SA 4.0,Open Food Facts
89009758,front,NESCAFE classic,Nescafe,"Coffees, Instant coffees",India,https://images.openfoodfacts.org/images/products/000/008/900/9758/front_en.3.400.jpg,.\off_download_2\images\89009758_front.jpg,CC BY-SA 4.0,Open Food Facts
8901063139213,front,Brit bourbon 150g (sys),Britannia,Chocolate biscuits,India,https://images.openfoodfacts.org/images/products/890/106/313/9213/front_en.24.400.jpg,.\off_download_2\images\8901063139213_front.jpg,CC BY-SA 4.0,Open Food Facts
8901063019201,front,8901063019201,Britannia,Biscuits,India,https://images.openfoodfacts.org/images/products/890/106/301/9201/front_en.5.400.jpg,.\off_download_2\images\8901063019201_front.jpg,CC BY-SA 4.0,Open Food Facts
8908003872315,front,Poha,,Rices,"India, United Kingdom",https://images.openfoodfacts.org/images/products/890/800/387/2315/front_en.4.400.jpg,.\off_download_2\images\8908003872315_front.jpg,CC BY-SA 4.0,Open Food Facts
8901719135255,front,,,Biscuits,India,https://images.openfoodfacts.org/images/products/890/171/913/5255/front_en.3.400.jpg,.\off_download_2\images\8901719135255_front.jpg,CC BY-SA 4.0,Open Food Facts
8901088000451,front,Parachnute 100% Pure Coconut Oil,Parachute,Coconut oils,"France, India, Somalia",https://images.openfoodfacts.org/images/products/890/108/800/0451/front_en.18.400.jpg,.\off_download_2\images\8901088000451_front.jpg,CC BY-SA 4.0,Open Food Facts
8901491503020,front,Lays India's Magic Masala,Lay's,Flavoured potato crisps,India,https://images.openfoodfacts.org/images/products/890/149/150/3020/front_en.35.400.jpg,.\off_download_2\images\8901491503020_front.jpg,CC BY-SA 4.0,Open Food Facts
8904004403725,front,Moong Dal,Haldiram's,"Salty snacks, Namkeen","France, India",https://images.openfoodfacts.org/images/products/890/400/440/3725/front_en.20.400.jpg,.\off_download_2\images\8904004403725_front.jpg,CC BY-SA 4.0,Open Food Facts
8901262070546,front,Chocominis,Amul,"Chocolate Sculptures, Milk chocolate molds",India,https://images.openfoodfacts.org/images/products/890/126/207/0546/front_en.24.400.jpg,.\off_download_2\images\8901262070546_front.jpg,CC BY-SA 4.0,Open Food Facts
8904043551548,front,Modern 100% Whole Wheat Bread,Modern,Wholemeal sliced breads,India,https://images.openfoodfacts.org/images/products/890/404/355/1548/front_en.15.400.jpg,.\off_download_2\images\8904043551548_front.jpg,CC BY-SA 4.0,Open Food Facts
8901764032271,front,Sprite 750ml,coca cola,"Sodas, Sweetened beverages, Sprite",India,https://images.openfoodfacts.org/images/products/890/176/403/2271/front_en.50.400.jpg,.\off_download_2\images\8901764032271_front.jpg,CC BY-SA 4.0,Open Food Facts
8906001023043,front,Govardhan pure cow ghee 500ml,Paragon Partners,"Butters, ghee",India,https://images.openfoodfacts.org/images/products/890/600/102/3043/front_en.6.400.jpg,.\off_download_2\images\8906001023043_front.jpg,CC BY-SA 4.0,Open Food Facts
8901058023787,front,2-minute noodles masala taste,Maggi,"Herbs and spices, Instant noodles, Tastemaker",India,https://images.openfoodfacts.org/images/products/890/105/802/3787/front_en.6.400.jpg,.\off_download_2\images\8901058023787_front.jpg,CC BY-SA 4.0,Open Food Facts
8904004400779,front,Haldiram's Aloo Bhujia,Haldiram's,"Sev, Snakes","France, India",https://images.openfoodfacts.org/images/products/890/400/440/0779/front_fr.9.400.jpg,.\off_download_2\images\8904004400779_front.jpg,CC BY-SA 4.0,Open Food Facts
8903553601613,front,Mango Pickle,RAM BANDHU,Plant-based pickles,India,https://images.openfoodfacts.org/images/products/890/355/360/1613/front_en.5.400.jpg,.\off_download_2\images\8903553601613_front.jpg,CC BY-SA 4.0,Open Food Facts
8904004402216,front,Haldiram Phulhari,Haldiram,Salty snacks,India,https://images.openfoodfacts.org/images/products/890/400/440/2216/front_en.5.400.jpg,.\off_download_2\images\8904004402216_front.jpg,CC BY-SA 4.0,Open Food Facts
8902579103057,front,Frooti,Parle,"Plant-based beverages, Sweetened beverages",India,https://images.openfoodfacts.org/images/products/890/257/910/3057/front_en.34.400.jpg,.\off_download_2\images\8902579103057_front.jpg,CC BY-SA 4.0,Open Food Facts
8901063016873,front,50-50,Britannia,Biscuits,India,https://images.openfoodfacts.org/images/products/890/106/301/6873/front_en.10.400.jpg,.\off_download_2\images\8901063016873_front.jpg,CC BY-SA 4.0,Open Food Facts
8901063029279,front,Jimjam,Britannia,Biscuits,India,https://images.openfoodfacts.org/images/products/890/106/302/9279/front_en.20.400.jpg,.\off_download_2\images\8901063029279_front.jpg,CC BY-SA 4.0,Open Food Facts
8901764092800,front,Maaza,Coca-Cola Company,Fruit juices,India,https://images.openfoodfacts.org/images/products/890/176/409/2800/front_en.4.400.jpg,.\off_download_2\images\8901764092800_front.jpg,CC BY-SA 4.0,Open Food Facts
7622202237393,front,Bournvita 70g,,"Dietary supplements, Dietry",India,https://images.openfoodfacts.org/images/products/762/220/223/7393/front_en.10.400.jpg,.\off_download_2\images\7622202237393_front.jpg,CC BY-SA 4.0,Open Food Facts
8906010504625,front,8906010504625,Gippi,"Crisps, Balaji",India,https://images.openfoodfacts.org/images/products/890/601/050/4625/front_en.8.400.jpg,.\off_download_2\images\8906010504625_front.jpg,CC BY-SA 4.0,Open Food Facts
5000171010025,front,Wild Pacific Red Salmon,John West,Canned salmons,"Australia, France, India, Morocco, New Zealand, United Kingdom",https://images.openfoodfacts.org/images/products/500/017/101/0025/front_en.38.400.jpg,.\off_download_2\images\5000171010025_front.jpg,CC BY-SA 4.0,Open Food Facts
80768258,front,健達奇趣蛋(女孩版),"Ferrero, Kinder",Chocolate candies,"China, India, Morocco",https://images.openfoodfacts.org/images/products/000/008/076/8258/front_zh.60.400.jpg,.\off_download_2\images\80768258_front.jpg,CC BY-SA 4.0,Open Food Facts
8901719131219,front,Parle g 800 g,Parle,Biscuits,India,https://images.openfoodfacts.org/images/products/890/171/913/1219/front_en.31.400.jpg,.\off_download_2\images\8901719131219_front.jpg,CC BY-SA 4.0,Open Food Facts
8902080003075,front,nimbooz,7up,Sodas,"India, United States",https://images.openfoodfacts.org/images/products/890/208/000/3075/front_en.11.400.jpg,.\off_download_2\images\8902080003075_front.jpg,CC BY-SA 4.0,Open Food Facts
8904083303077,front,Farm Fresh Sahi Plain Yoghurt,Milky Mist,Yogurts,India,https://images.openfoodfacts.org/images/products/890/408/330/3077/front_en.10.400.jpg,.\off_download_2\images\8904083303077_front.jpg,CC BY-SA 4.0,Open Food Facts
8904004401554,front,Masala Sev Murmura,Haldiram's,"Fried Snacks, fried puffed rice",India,https://images.openfoodfacts.org/images/products/890/400/440/1554/front_en.10.400.jpg,.\off_download_2\images\8904004401554_front.jpg,CC BY-SA 4.0,Open Food Facts
8901063142664,front,britannia,Britannia,Biscuits,India,https://images.openfoodfacts.org/images/products/890/106/314/2664/front_en.3.400.jpg,.\off_download_2\images\8901063142664_front.jpg,CC BY-SA 4.0,Open Food Facts
8906010502041,front,,Balaji Wafers,Crisps,India,https://images.openfoodfacts.org/images/products/890/601/050/2041/front_en.11.400.jpg,.\off_download_2\images\8906010502041_front.jpg,CC BY-SA 4.0,Open Food Facts
8904004400694,front,Aloo Bhujia,Haldiram's,"Snacks, Potato preparations",India,https://images.openfoodfacts.org/images/products/890/400/440/0694/front_en.4.400.jpg,.\off_download_2\images\8904004400694_front.jpg,CC BY-SA 4.0,Open Food Facts
8904071704527,front,Plantain Chips (Yellow Banana Chips),,Snacks,"India, Indonesia",https://images.openfoodfacts.org/images/products/890/407/170/4527/front_id.4.400.jpg,.\off_download_2\images\8904071704527_front.jpg,CC BY-SA 4.0,Open Food Facts
8901491504782,front,West Indies hotn sweet chilli,Lay's,Chips,India,https://images.openfoodfacts.org/images/products/890/149/150/4782/front_fr.11.400.jpg,.\off_download_2\images\8901491504782_front.jpg,CC BY-SA 4.0,Open Food Facts
8906010500276,front,Balaji Wafers Shing Bhujia,Balaji Wafers,Appetizers,India,https://images.openfoodfacts.org/images/products/890/601/050/0276/front_en.3.400.jpg,.\off_download_2\images\8906010500276_front.jpg,CC BY-SA 4.0,Open Food Facts
3948764092305,front,3948764092305,,Garam masalas,India,https://images.openfoodfacts.org/images/products/394/876/409/2305/front_en.8.400.jpg,.\off_download_2\images\3948764092305_front.jpg,CC BY-SA 4.0,Open Food Facts
